CustomerId,ExitedProb,PredictedExited,Action
15804017,0.53,1,Send retention offer
15640418,0.57,1,Send retention offer
15801658,0.61,1,Send retention offer
15714575,0.82,1,Send retention offer
15630328,0.56,1,Send retention offer
15583392,0.95,1,Send retention offer
15614103,0.54,1,Send retention offer
15651581,0.68,1,Send retention offer
15628886,0.5,1,Send retention offer
15734008,0.91,1,Send retention offer
15692664,0.5,1,Send retention offer
15769389,0.82,1,Send retention offer
15707974,0.58,1,Send retention offer
15724321,0.97,1,Send retention offer
15628863,0.5,1,Send retention offer
15703793,0.93,1,Send retention offer
15769246,0.86,1,Send retention offer
15655082,0.98,1,Send retention offer
15646764,0.55,1,Send retention offer
15633574,0.53,1,Send retention offer
15656683,0.76,1,Send retention offer
15604130,0.69,1,Send retention offer
15789611,0.8,1,Send retention offer
15622631,0.54,1,Send retention offer
15569249,0.92,1,Send retention offer
15784923,0.7,1,Send retention offer
15591724,0.7,1,Send retention offer
15661409,0.57,1,Send retention offer
15773972,0.82,1,Send retention offer
15689322,0.74,1,Send retention offer
15737025,0.79,1,Send retention offer
15627665,0.78,1,Send retention offer
15749472,0.7,1,Send retention offer
15632816,0.85,1,Send retention offer
15578866,0.68,1,Send retention offer
15698791,0.66,1,Send retention offer
15781272,0.86,1,Send retention offer
15677020,0.55,1,Send retention offer
15787318,0.93,1,Send retention offer
15679249,0.84,1,Send retention offer
15600700,0.51,1,Send retention offer
15814846,0.94,1,Send retention offer
15764170,0.71,1,Send retention offer
15598751,0.91,1,Send retention offer
15576706,0.5,1,Send retention offer
15611318,0.53,1,Send retention offer
15640686,0.63,1,Send retention offer
15768163,0.98,1,Send retention offer
15681206,0.5,1,Send retention offer
15668283,0.9,1,Send retention offer
15624820,0.98,1,Send retention offer
15695339,0.92,1,Send retention offer
15704583,0.96,1,Send retention offer
15630466,0.76,1,Send retention offer
15736730,0.72,1,Send retention offer
15815070,0.55,1,Send retention offer
15621116,0.54,1,Send retention offer
15651713,0.52,1,Send retention offer
15607133,0.52,1,Send retention offer
15723488,0.78,1,Send retention offer
15796993,0.54,1,Send retention offer
15757607,0.6,1,Send retention offer
15807993,0.6,1,Send retention offer
15568032,0.76,1,Send retention offer
15604158,0.53,1,Send retention offer
15607537,0.94,1,Send retention offer
15769216,0.56,1,Send retention offer
15801336,0.79,1,Send retention offer
15672432,0.86,1,Send retention offer
15696989,0.95,1,Send retention offer
15746564,0.51,1,Send retention offer
15640507,0.79,1,Send retention offer
15714466,0.51,1,Send retention offer
15662098,0.83,1,Send retention offer
15719508,0.97,1,Send retention offer
15628600,0.58,1,Send retention offer
15720559,0.91,1,Send retention offer
15680430,0.81,1,Send retention offer
15699523,0.84,1,Send retention offer
15585985,0.71,1,Send retention offer
15758606,0.56,1,Send retention offer
15570931,0.92,1,Send retention offer
15751491,0.94,1,Send retention offer
15759436,0.89,1,Send retention offer
15734610,0.86,1,Send retention offer
15702669,0.51,1,Send retention offer
15642391,0.95,1,Send retention offer
15791111,0.7,1,Send retention offer
15657540,0.56,1,Send retention offer
15657637,0.58,1,Send retention offer
15768342,0.81,1,Send retention offer
15658169,0.78,1,Send retention offer
15809178,0.8,1,Send retention offer
15665956,0.76,1,Send retention offer
15786196,0.96,1,Send retention offer
15646372,0.74,1,Send retention offer
15730673,0.69,1,Send retention offer
15626795,0.5,1,Send retention offer
15702442,0.59,1,Send retention offer
15715079,0.51,1,Send retention offer
15813917,0.68,1,Send retention offer
15723717,0.82,1,Send retention offer
15793049,0.93,1,Send retention offer
15585362,0.95,1,Send retention offer
15724336,0.76,1,Send retention offer
15742442,0.74,1,Send retention offer
15589475,0.8,1,Send retention offer
15713596,0.52,1,Send retention offer
15732740,0.51,1,Send retention offer
15681075,0.76,1,Send retention offer
15684951,0.66,1,Send retention offer
15710295,0.52,1,Send retention offer
15606076,0.7,1,Send retention offer
15734578,0.62,1,Send retention offer
15809826,0.69,1,Send retention offer
15577423,0.75,1,Send retention offer
15659105,0.76,1,Send retention offer
15704987,0.9,1,Send retention offer
15646366,0.8,1,Send retention offer
15733777,0.83,1,Send retention offer
15655123,0.81,1,Send retention offer
15602010,0.64,1,Send retention offer
15700801,0.77,1,Send retention offer
15569590,0.63,1,Send retention offer
15605916,0.87,1,Send retention offer
15700460,0.72,1,Send retention offer
15806546,0.66,1,Send retention offer
15589715,0.9,1,Send retention offer
15647725,1.0,1,Send retention offer
15679284,0.63,1,Send retention offer
15565714,0.58,1,Send retention offer
15684318,0.67,1,Send retention offer
15759387,0.5,1,Send retention offer
15692142,0.85,1,Send retention offer
15706534,0.78,1,Send retention offer
15772329,0.82,1,Send retention offer
15776454,0.87,1,Send retention offer
15577107,0.6,1,Send retention offer
15622033,0.75,1,Send retention offer
15757408,0.83,1,Send retention offer
15580249,0.5,1,Send retention offer
15576111,0.7,1,Send retention offer
15705403,0.55,1,Send retention offer
15754577,0.61,1,Send retention offer
15770995,0.86,1,Send retention offer
15720071,0.9,1,Send retention offer
15687491,0.62,1,Send retention offer
15742116,0.62,1,Send retention offer
15624180,0.88,1,Send retention offer
15572547,0.86,1,Send retention offer
15743007,0.78,1,Send retention offer
15615797,0.56,1,Send retention offer
15698184,0.62,1,Send retention offer
15740442,0.69,1,Send retention offer
15680895,0.5,1,Send retention offer
15680278,0.59,1,Send retention offer
15815530,0.69,1,Send retention offer
15672082,0.66,1,Send retention offer
15674868,0.61,1,Send retention offer
15634551,0.99,1,Send retention offer
15761018,0.55,1,Send retention offer
15597930,0.79,1,Send retention offer
15711299,0.86,1,Send retention offer
15663410,0.86,1,Send retention offer
15711251,0.63,1,Send retention offer
15774630,0.52,1,Send retention offer
15811343,0.8,1,Send retention offer
15622750,0.64,1,Send retention offer
15806256,0.76,1,Send retention offer
15806808,0.87,1,Send retention offer
15679307,0.89,1,Send retention offer
15647203,0.69,1,Send retention offer
15589017,0.92,1,Send retention offer
15749123,0.59,1,Send retention offer
15625501,0.63,1,Send retention offer
15733361,0.54,1,Send retention offer
15813850,0.58,1,Send retention offer
15778049,0.6,1,Send retention offer
15804131,0.73,1,Send retention offer
15595153,0.55,1,Send retention offer
15573851,0.64,1,Send retention offer
15719856,0.73,1,Send retention offer
15712551,0.97,1,Send retention offer
15805260,0.95,1,Send retention offer
15612350,0.67,1,Send retention offer
15738148,0.79,1,Send retention offer
15749583,0.78,1,Send retention offer
15580956,0.73,1,Send retention offer
15746490,0.63,1,Send retention offer
15723894,0.69,1,Send retention offer
15800583,0.87,1,Send retention offer
15810460,0.65,1,Send retention offer
15654456,0.84,1,Send retention offer
15803804,0.62,1,Send retention offer
15698902,0.7,1,Send retention offer
15579808,0.78,1,Send retention offer
15782210,0.7,1,Send retention offer
15591986,0.9,1,Send retention offer
15616152,0.66,1,Send retention offer
15715673,0.88,1,Send retention offer
15691004,0.51,1,Send retention offer
15692750,0.9,1,Send retention offer
15704378,0.55,1,Send retention offer
15704284,0.84,1,Send retention offer
15612455,0.77,1,Send retention offer
15740237,0.54,1,Send retention offer
15781619,0.52,1,Send retention offer
15774250,0.53,1,Send retention offer
15665077,0.86,1,Send retention offer
15788291,0.56,1,Send retention offer
15713426,0.57,1,Send retention offer
15610446,0.94,1,Send retention offer
15637891,0.77,1,Send retention offer
15727944,0.78,1,Send retention offer
15596379,0.58,1,Send retention offer
15700854,0.64,1,Send retention offer
15714355,0.57,1,Send retention offer
15661162,0.82,1,Send retention offer
15680611,0.51,1,Send retention offer
15690829,0.88,1,Send retention offer
15623107,0.91,1,Send retention offer
15805303,0.71,1,Send retention offer
15769980,0.51,1,Send retention offer
15577514,0.78,1,Send retention offer
15733973,0.66,1,Send retention offer
15584704,0.64,1,Send retention offer
15606641,0.84,1,Send retention offer
15792388,0.65,1,Send retention offer
15801169,0.83,1,Send retention offer
15707637,0.97,1,Send retention offer
15738605,0.84,1,Send retention offer
15617065,0.53,1,Send retention offer
15585892,0.51,1,Send retention offer
15761497,0.87,1,Send retention offer
15760521,0.53,1,Send retention offer
15607269,0.5,1,Send retention offer
15605279,0.76,1,Send retention offer
15664849,0.74,1,Send retention offer
15625824,0.86,1,Send retention offer
15675185,0.75,1,Send retention offer
15716608,0.63,1,Send retention offer
15595324,0.82,1,Send retention offer
15809736,0.55,1,Send retention offer
15611371,0.52,1,Send retention offer
15614847,0.59,1,Send retention offer
15662151,0.54,1,Send retention offer
15650538,0.64,1,Send retention offer
15715142,0.8,1,Send retention offer
15750335,0.8,1,Send retention offer
15711455,0.6,1,Send retention offer
15673238,0.71,1,Send retention offer
15764604,0.97,1,Send retention offer
15775318,0.88,1,Send retention offer
15706365,0.61,1,Send retention offer
15569098,0.5,1,Send retention offer
15677796,0.88,1,Send retention offer
15808526,0.71,1,Send retention offer
15595842,0.79,1,Send retention offer
15747323,0.68,1,Send retention offer
15647842,0.83,1,Send retention offer
15624519,0.83,1,Send retention offer
15702095,0.83,1,Send retention offer
15722991,0.94,1,Send retention offer
15597968,0.84,1,Send retention offer
15745452,0.61,1,Send retention offer
15672374,0.88,1,Send retention offer
15675983,0.55,1,Send retention offer
15612207,0.66,1,Send retention offer
15752081,0.6,1,Send retention offer
15724154,0.99,1,Send retention offer
15755638,0.61,1,Send retention offer
15664001,0.89,1,Send retention offer
15567778,0.58,1,Send retention offer
15677921,0.67,1,Send retention offer
15813067,0.79,1,Send retention offer
15729582,0.89,1,Send retention offer
15638610,0.9,1,Send retention offer
15813113,0.98,1,Send retention offer
15760216,0.91,1,Send retention offer
15713483,0.96,1,Send retention offer
15642162,0.53,1,Send retention offer
15649183,0.58,1,Send retention offer
15786153,0.56,1,Send retention offer
15805690,0.51,1,Send retention offer
15809654,0.54,1,Send retention offer
15742834,0.69,1,Send retention offer
15724223,0.88,1,Send retention offer
15635703,0.56,1,Send retention offer
15743293,0.81,1,Send retention offer
15747208,0.87,1,Send retention offer
15677307,0.6,1,Send retention offer
15623791,0.54,1,Send retention offer
15632118,0.59,1,Send retention offer
15625426,0.88,1,Send retention offer
15789563,0.74,1,Send retention offer
15741180,0.53,1,Send retention offer
15619514,0.58,1,Send retention offer
15737778,0.68,1,Send retention offer
15566139,0.54,1,Send retention offer
15653937,0.91,1,Send retention offer
15812272,0.54,1,Send retention offer
15769703,0.84,1,Send retention offer
15779176,0.96,1,Send retention offer
15710366,0.55,1,Send retention offer
15775293,0.51,1,Send retention offer
15705890,0.54,1,Send retention offer
15801832,0.71,1,Send retention offer
15579223,0.5,1,Send retention offer
15726494,0.58,1,Send retention offer
15733387,0.54,1,Send retention offer
15749103,0.94,1,Send retention offer
15763414,0.8,1,Send retention offer
15583552,0.57,1,Send retention offer
15693764,0.93,1,Send retention offer
15699309,0.59,1,Send retention offer
15815040,0.71,1,Send retention offer
15696514,0.72,1,Send retention offer
15608804,0.84,1,Send retention offer
15722611,0.63,1,Send retention offer
15815490,0.78,1,Send retention offer
15595592,0.88,1,Send retention offer
15723604,0.57,1,Send retention offer
15598331,0.57,1,Send retention offer
15698732,0.96,1,Send retention offer
15806049,0.96,1,Send retention offer
15706163,0.93,1,Send retention offer
15792722,0.74,1,Send retention offer
15578297,0.94,1,Send retention offer
15788535,0.56,1,Send retention offer
15802617,0.61,1,Send retention offer
15646859,0.95,1,Send retention offer
15814690,0.63,1,Send retention offer
15784736,0.61,1,Send retention offer
15753110,0.78,1,Send retention offer
15668575,0.74,1,Send retention offer
15708063,0.89,1,Send retention offer
15811690,0.96,1,Send retention offer
15646535,0.62,1,Send retention offer
15799811,0.51,1,Send retention offer
15747821,0.56,1,Send retention offer
15797381,0.63,1,Send retention offer
15654859,0.91,1,Send retention offer
15665222,0.85,1,Send retention offer
15763274,0.66,1,Send retention offer
15790455,0.73,1,Send retention offer
15615430,0.9,1,Send retention offer
15785705,0.83,1,Send retention offer
15771569,0.88,1,Send retention offer
15718057,0.79,1,Send retention offer
15725679,0.78,1,Send retention offer
15758901,0.87,1,Send retention offer
15711446,0.93,1,Send retention offer
15604146,0.5,1,Send retention offer
15600832,0.77,1,Send retention offer
15800229,0.69,1,Send retention offer
15594786,0.52,1,Send retention offer
15581197,0.63,1,Send retention offer
15797751,0.69,1,Send retention offer
15596088,0.57,1,Send retention offer
15588350,0.55,1,Send retention offer
15775905,0.85,1,Send retention offer
15679770,0.88,1,Send retention offer
15587210,0.85,1,Send retention offer
15612087,0.52,1,Send retention offer
15601659,0.74,1,Send retention offer
15800434,0.63,1,Send retention offer
15629273,0.67,1,Send retention offer
15661821,0.78,1,Send retention offer
15662736,0.68,1,Send retention offer
15768451,0.89,1,Send retention offer
15624391,0.53,1,Send retention offer
15811588,0.85,1,Send retention offer
15598086,0.78,1,Send retention offer
15677105,0.98,1,Send retention offer
15647898,0.92,1,Send retention offer
15756804,0.71,1,Send retention offer
15684211,0.53,1,Send retention offer
15769064,0.67,1,Send retention offer
15731478,0.6,1,Send retention offer
15757306,0.72,1,Send retention offer
15757952,0.75,1,Send retention offer
15658240,0.53,1,Send retention offer
15793307,0.91,1,Send retention offer
15751227,0.62,1,Send retention offer
15743617,0.76,1,Send retention offer
15618255,0.95,1,Send retention offer
15583680,0.53,1,Send retention offer
15789582,0.81,1,Send retention offer
15579826,0.77,1,Send retention offer
15707322,0.72,1,Send retention offer
15728917,0.65,1,Send retention offer
15669301,0.61,1,Send retention offer
15591169,0.96,1,Send retention offer
15654733,0.98,1,Send retention offer
15745533,0.56,1,Send retention offer
15678201,0.75,1,Send retention offer
15605339,0.65,1,Send retention offer
15698716,0.64,1,Send retention offer
15592222,0.67,1,Send retention offer
15730793,0.78,1,Send retention offer
15635502,0.72,1,Send retention offer
15627484,0.77,1,Send retention offer
15656822,0.88,1,Send retention offer
15636428,0.72,1,Send retention offer
15593280,0.64,1,Send retention offer
15691817,0.72,1,Send retention offer
15742820,0.15,0,Send retention offer
15592451,0.0,0,Send retention offer
15626012,0.15,0,Send retention offer
15750658,0.47,0,Send retention offer
15618182,0.09,0,Send retention offer
15624471,0.04,0,Send retention offer
15802351,0.07,0,Send retention offer
15762937,0.07,0,Send retention offer
15736327,0.43,0,Send retention offer
15798666,0.0,0,Send retention offer
15693233,0.19,0,Send retention offer
15652981,0.27,0,Send retention offer
15807245,0.15,0,Send retention offer
15757895,0.21,0,Send retention offer
15768120,0.13,0,Send retention offer
15599124,0.02,0,Send retention offer
15787151,0.0,0,Send retention offer
15688395,0.0,0,Send retention offer
15611644,0.03,0,Send retention offer
15692317,0.01,0,Send retention offer
15700325,0.08,0,Send retention offer
15769412,0.34,0,Send retention offer
15589969,0.23,0,Send retention offer
15710257,0.2,0,Send retention offer
15623695,0.06,0,Send retention offer
15671148,0.1,0,Send retention offer
15649858,0.11,0,Send retention offer
15660385,0.04,0,Send retention offer
15622494,0.0,0,Send retention offer
15599792,0.02,0,Send retention offer
15698522,0.26,0,Send retention offer
15807003,0.22,0,Send retention offer
15767864,0.0,0,Send retention offer
15754605,0.06,0,Send retention offer
15672826,0.07,0,Send retention offer
15734161,0.04,0,Send retention offer
15610147,0.1,0,Send retention offer
15651958,0.0,0,Send retention offer
15811927,0.19,0,Send retention offer
15733032,0.02,0,Send retention offer
15650098,0.11,0,Send retention offer
15762543,0.07,0,Send retention offer
15795936,0.11,0,Send retention offer
15724623,0.4,0,Send retention offer
15583736,0.19,0,Send retention offer
15789548,0.03,0,Send retention offer
15696141,0.38,0,Send retention offer
15743570,0.01,0,Send retention offer
15713378,0.04,0,Send retention offer
15692583,0.11,0,Send retention offer
15703399,0.04,0,Send retention offer
15786539,0.02,0,Send retention offer
15610042,0.0,0,Send retention offer
15596303,0.09,0,Send retention offer
15759805,0.02,0,Send retention offer
15599272,0.14,0,Send retention offer
15775880,0.02,0,Send retention offer
15723028,0.03,0,Send retention offer
15586243,0.48,0,Send retention offer
15755648,0.14,0,Send retention offer
15591344,0.03,0,Send retention offer
15600357,0.29,0,Send retention offer
15678910,0.14,0,Send retention offer
15675431,0.04,0,Send retention offer
15576216,0.46,0,Send retention offer
15755196,0.4,0,Send retention offer
15789815,0.0,0,Send retention offer
15593683,0.01,0,Send retention offer
15640377,0.11,0,Send retention offer
15670343,0.02,0,Send retention offer
15738448,0.17,0,Send retention offer
15571121,0.39,0,Send retention offer
15756425,0.18,0,Send retention offer
15748597,0.29,0,Send retention offer
15574305,0.05,0,Send retention offer
15582492,0.09,0,Send retention offer
15740878,0.03,0,Send retention offer
15617705,0.22,0,Send retention offer
15756848,0.19,0,Send retention offer
15748499,0.35,0,Send retention offer
15699492,0.21,0,Send retention offer
15578435,0.14,0,Send retention offer
15712536,0.1,0,Send retention offer
15711062,0.18,0,Send retention offer
15787459,0.32,0,Send retention offer
15611287,0.02,0,Send retention offer
15809901,0.03,0,Send retention offer
15677217,0.12,0,Send retention offer
15608387,0.02,0,Send retention offer
15696506,0.27,0,Send retention offer
15609458,0.07,0,Send retention offer
15639049,0.06,0,Send retention offer
15640266,0.1,0,Send retention offer
15760641,0.17,0,Send retention offer
15575399,0.38,0,Send retention offer
15581871,0.17,0,Send retention offer
15790204,0.22,0,Send retention offer
15771856,0.05,0,Send retention offer
15761763,0.24,0,Send retention offer
15698031,0.25,0,Send retention offer
15770711,0.15,0,Send retention offer
15791191,0.45,0,Send retention offer
15615931,0.06,0,Send retention offer
15738627,0.01,0,Send retention offer
15571476,0.18,0,Send retention offer
15575486,0.02,0,Send retention offer
15695168,0.01,0,Send retention offer
15735221,0.28,0,Send retention offer
15664734,0.03,0,Send retention offer
15700511,0.15,0,Send retention offer
15617252,0.05,0,Send retention offer
15703292,0.18,0,Send retention offer
15761132,0.26,0,Send retention offer
15770255,0.32,0,Send retention offer
15718765,0.45,0,Send retention offer
15631848,0.28,0,Send retention offer
15802009,0.05,0,Send retention offer
15714567,0.04,0,Send retention offer
15713347,0.28,0,Send retention offer
15568904,0.34,0,Send retention offer
15681509,0.05,0,Send retention offer
15777923,0.17,0,Send retention offer
15759290,0.03,0,Send retention offer
15789095,0.01,0,Send retention offer
15590177,0.47,0,Send retention offer
15782591,0.18,0,Send retention offer
15696539,0.03,0,Send retention offer
15661903,0.46,0,Send retention offer
15645511,0.35,0,Send retention offer
15590320,0.04,0,Send retention offer
15775116,0.01,0,Send retention offer
15716728,0.14,0,Send retention offer
15784099,0.33,0,Send retention offer
15716276,0.11,0,Send retention offer
15757931,0.03,0,Send retention offer
15786078,0.06,0,Send retention offer
15613102,0.26,0,Send retention offer
15711352,0.03,0,Send retention offer
15771383,0.46,0,Send retention offer
15801218,0.43,0,Send retention offer
15705765,0.12,0,Send retention offer
15654067,0.04,0,Send retention offer
15644212,0.05,0,Send retention offer
15734311,0.04,0,Send retention offer
15637644,0.04,0,Send retention offer
15751336,0.01,0,Send retention offer
15691808,0.42,0,Send retention offer
15626474,0.08,0,Send retention offer
15602811,0.16,0,Send retention offer
15625944,0.31,0,Send retention offer
15566211,0.34,0,Send retention offer
15614215,0.06,0,Send retention offer
15713479,0.02,0,Send retention offer
15796480,0.19,0,Send retention offer
15749328,0.18,0,Send retention offer
15808621,0.02,0,Send retention offer
15601627,0.09,0,Send retention offer
15665177,0.06,0,Send retention offer
15747960,0.2,0,Send retention offer
15800049,0.32,0,Send retention offer
15601030,0.39,0,Send retention offer
15702462,0.46,0,Send retention offer
15572374,0.07,0,Send retention offer
15766734,0.41,0,Send retention offer
15692819,0.37,0,Send retention offer
15798885,0.27,0,Send retention offer
15673223,0.19,0,Send retention offer
15781589,0.04,0,Send retention offer
15808182,0.17,0,Send retention offer
15661249,0.05,0,Send retention offer
15809847,0.04,0,Send retention offer
15606436,0.06,0,Send retention offer
15699325,0.49,0,Send retention offer
15567335,0.06,0,Send retention offer
15801863,0.08,0,Send retention offer
15672912,0.16,0,Send retention offer
15707505,0.17,0,Send retention offer
15778915,0.07,0,Send retention offer
15723064,0.17,0,Send retention offer
15594864,0.04,0,Send retention offer
15679991,0.02,0,Send retention offer
15799128,0.11,0,Send retention offer
15685300,0.02,0,Send retention offer
15811594,0.29,0,Send retention offer
15593496,0.37,0,Send retention offer
15637829,0.03,0,Send retention offer
15566380,0.15,0,Send retention offer
15638269,0.07,0,Send retention offer
15567991,0.02,0,Send retention offer
15594340,0.48,0,Send retention offer
15805151,0.04,0,Send retention offer
15684103,0.11,0,Send retention offer
15653521,0.35,0,Send retention offer
15599433,0.39,0,Send retention offer
15806447,0.11,0,Send retention offer
15609987,0.48,0,Send retention offer
15664214,0.09,0,Send retention offer
15592229,0.44,0,Send retention offer
15622182,0.0,0,Send retention offer
15724876,0.22,0,Send retention offer
15574206,0.07,0,Send retention offer
15759244,0.27,0,Send retention offer
15638149,0.29,0,Send retention offer
15762110,0.03,0,Send retention offer
15707114,0.0,0,Send retention offer
15714080,0.33,0,Send retention offer
15646161,0.03,0,Send retention offer
15649423,0.17,0,Send retention offer
15580805,0.0,0,Send retention offer
15628170,0.21,0,Send retention offer
15609176,0.03,0,Send retention offer
15772009,0.45,0,Send retention offer
15684995,0.36,0,Send retention offer
15730448,0.03,0,Send retention offer
15692207,0.32,0,Send retention offer
15611800,0.41,0,Send retention offer
15609299,0.24,0,Send retention offer
15636767,0.3,0,Send retention offer
15720676,0.04,0,Send retention offer
15662908,0.23,0,Send retention offer
15694209,0.1,0,Send retention offer
15584091,0.09,0,Send retention offer
15609510,0.44,0,Send retention offer
15793425,0.29,0,Send retention offer
15598884,0.22,0,Send retention offer
15594556,0.1,0,Send retention offer
15640268,0.21,0,Send retention offer
15668472,0.4,0,Send retention offer
15790379,0.21,0,Send retention offer
15738166,0.38,0,Send retention offer
15661330,0.19,0,Send retention offer
15709412,0.0,0,Send retention offer
15629551,0.29,0,Send retention offer
15602812,0.38,0,Send retention offer
15742009,0.13,0,Send retention offer
15572051,0.4,0,Send retention offer
15591509,0.07,0,Send retention offer
15572956,0.1,0,Send retention offer
15707132,0.01,0,Send retention offer
15621457,0.14,0,Send retention offer
15615670,0.03,0,Send retention offer
15573798,0.19,0,Send retention offer
15624186,0.31,0,Send retention offer
15649430,0.05,0,Send retention offer
15655229,0.44,0,Send retention offer
15766787,0.01,0,Send retention offer
15700424,0.09,0,Send retention offer
15795079,0.03,0,Send retention offer
15606855,0.0,0,Send retention offer
15767598,0.06,0,Send retention offer
15759298,0.21,0,Send retention offer
15801351,0.0,0,Send retention offer
15566467,0.04,0,Send retention offer
15640667,0.13,0,Send retention offer
15766064,0.08,0,Send retention offer
15599301,0.18,0,Send retention offer
15779059,0.14,0,Send retention offer
15616530,0.34,0,Send retention offer
15610781,0.25,0,Send retention offer
15594898,0.45,0,Send retention offer
15569438,0.19,0,Send retention offer
15734626,0.12,0,Send retention offer
15753213,0.01,0,Send retention offer
15749019,0.25,0,Send retention offer
15664227,0.21,0,Send retention offer
15709523,0.02,0,Send retention offer
15621546,0.28,0,Send retention offer
15734987,0.25,0,Send retention offer
15653222,0.07,0,Send retention offer
15706021,0.07,0,Send retention offer
15782311,0.02,0,Send retention offer
15697127,0.17,0,Send retention offer
15672357,0.03,0,Send retention offer
15759872,0.0,0,Send retention offer
15634373,0.01,0,Send retention offer
15625675,0.11,0,Send retention offer
15742369,0.01,0,Send retention offer
15583049,0.17,0,Send retention offer
15627848,0.16,0,Send retention offer
15615575,0.01,0,Send retention offer
15692744,0.09,0,Send retention offer
15596339,0.46,0,Send retention offer
15780654,0.04,0,Send retention offer
15655590,0.44,0,Send retention offer
15669783,0.39,0,Send retention offer
15770091,0.09,0,Send retention offer
15712584,0.01,0,Send retention offer
15809509,0.11,0,Send retention offer
15694829,0.27,0,Send retention offer
15672983,0.29,0,Send retention offer
15785488,0.04,0,Send retention offer
15731330,0.19,0,Send retention offer
15709511,0.07,0,Send retention offer
15725036,0.19,0,Send retention offer
15728224,0.13,0,Send retention offer
15766172,0.01,0,Send retention offer
15700937,0.0,0,Send retention offer
15647890,0.03,0,Send retention offer
15571284,0.2,0,Send retention offer
15581229,0.17,0,Send retention offer
15713853,0.22,0,Send retention offer
15595557,0.01,0,Send retention offer
15753969,0.43,0,Send retention offer
15708236,0.06,0,Send retention offer
15616709,0.16,0,Send retention offer
15770345,0.14,0,Send retention offer
15659656,0.07,0,Send retention offer
15758639,0.01,0,Send retention offer
15792328,0.3,0,Send retention offer
15728829,0.17,0,Send retention offer
15632256,0.05,0,Send retention offer
15809585,0.04,0,Send retention offer
15755825,0.02,0,Send retention offer
15628308,0.01,0,Send retention offer
15733842,0.07,0,Send retention offer
15678572,0.37,0,Send retention offer
15723013,0.02,0,Send retention offer
15671514,0.03,0,Send retention offer
15808223,0.07,0,Send retention offer
15737814,0.22,0,Send retention offer
15810826,0.0,0,Send retention offer
15608726,0.02,0,Send retention offer
15692291,0.4,0,Send retention offer
15730447,0.12,0,Send retention offer
15801293,0.03,0,Send retention offer
15721740,0.4,0,Send retention offer
15612193,0.06,0,Send retention offer
15722404,0.06,0,Send retention offer
15668235,0.29,0,Send retention offer
15669326,0.4,0,Send retention offer
15702464,0.01,0,Send retention offer
15796114,0.11,0,Send retention offer
15729908,0.45,0,Send retention offer
15750299,0.21,0,Send retention offer
15666252,0.06,0,Send retention offer
15710456,0.15,0,Send retention offer
15765266,0.02,0,Send retention offer
15611029,0.32,0,Send retention offer
15641860,0.19,0,Send retention offer
15598275,0.04,0,Send retention offer
15763093,0.15,0,Send retention offer
15609083,0.14,0,Send retention offer
15641490,0.03,0,Send retention offer
15704629,0.13,0,Send retention offer
15730810,0.13,0,Send retention offer
15677739,0.0,0,Send retention offer
15758831,0.14,0,Send retention offer
15631709,0.22,0,Send retention offer
15624781,0.07,0,Send retention offer
15689661,0.0,0,Send retention offer
15566543,0.12,0,Send retention offer
15792176,0.35,0,Send retention offer
15661433,0.33,0,Send retention offer
15599268,0.0,0,Send retention offer
15715667,0.01,0,Send retention offer
15666856,0.3,0,Send retention offer
15802758,0.11,0,Send retention offer
15774098,0.21,0,Send retention offer
15644621,0.43,0,Send retention offer
15788659,0.02,0,Send retention offer
15732943,0.24,0,Send retention offer
15752953,0.06,0,Send retention offer
15809872,0.02,0,Send retention offer
15680405,0.09,0,Send retention offer
15806837,0.47,0,Send retention offer
15718673,0.15,0,Send retention offer
15654878,0.08,0,Send retention offer
15671334,0.25,0,Send retention offer
15623730,0.12,0,Send retention offer
15665088,0.08,0,Send retention offer
15735025,0.18,0,Send retention offer
15602979,0.08,0,Send retention offer
15700383,0.07,0,Send retention offer
15714832,0.47,0,Send retention offer
15801699,0.05,0,Send retention offer
15688563,0.1,0,Send retention offer
15690733,0.09,0,Send retention offer
15626507,0.16,0,Send retention offer
15585855,0.36,0,Send retention offer
15599829,0.2,0,Send retention offer
15579969,0.04,0,Send retention offer
15714689,0.15,0,Send retention offer
15795878,0.01,0,Send retention offer
15600781,0.04,0,Send retention offer
15796343,0.23,0,Send retention offer
15659475,0.13,0,Send retention offer
15647207,0.03,0,Send retention offer
15700813,0.15,0,Send retention offer
15566111,0.24,0,Send retention offer
15651983,0.33,0,Send retention offer
15724663,0.02,0,Send retention offer
15786167,0.01,0,Send retention offer
15593250,0.01,0,Send retention offer
15600688,0.04,0,Send retention offer
15631162,0.03,0,Send retention offer
15636105,0.04,0,Send retention offer
15712568,0.27,0,Send retention offer
15655339,0.26,0,Send retention offer
15791006,0.21,0,Send retention offer
15626882,0.11,0,Send retention offer
15654211,0.23,0,Send retention offer
15659305,0.03,0,Send retention offer
15729836,0.0,0,Send retention offer
15659501,0.21,0,Send retention offer
15761340,0.01,0,Send retention offer
15586870,0.18,0,Send retention offer
15665327,0.13,0,Send retention offer
15644796,0.01,0,Send retention offer
15572626,0.09,0,Send retention offer
15728043,0.16,0,Send retention offer
15707242,0.09,0,Send retention offer
15761286,0.49,0,Send retention offer
15733904,0.17,0,Send retention offer
15643752,0.14,0,Send retention offer
15579994,0.08,0,Send retention offer
15664523,0.08,0,Send retention offer
15585867,0.03,0,Send retention offer
15743582,0.05,0,Send retention offer
15693683,0.06,0,Send retention offer
15590241,0.2,0,Send retention offer
15757559,0.37,0,Send retention offer
15600997,0.02,0,Send retention offer
15633108,0.1,0,Send retention offer
15773456,0.05,0,Send retention offer
15702566,0.27,0,Send retention offer
15571873,0.07,0,Send retention offer
15641250,0.44,0,Send retention offer
15724145,0.29,0,Send retention offer
15574169,0.42,0,Send retention offer
15748854,0.41,0,Send retention offer
15661526,0.31,0,Send retention offer
15724127,0.07,0,Send retention offer
15607988,0.04,0,Send retention offer
15621768,0.47,0,Send retention offer
15712608,0.17,0,Send retention offer
15719793,0.04,0,Send retention offer
15713578,0.49,0,Send retention offer
15572728,0.16,0,Send retention offer
15621653,0.28,0,Send retention offer
15631512,0.13,0,Send retention offer
15654851,0.49,0,Send retention offer
15733247,0.42,0,Send retention offer
15638003,0.27,0,Send retention offer
15720284,0.48,0,Send retention offer
15581551,0.11,0,Send retention offer
15775627,0.01,0,Send retention offer
15592761,0.01,0,Send retention offer
15721469,0.31,0,Send retention offer
15644882,0.25,0,Send retention offer
15775234,0.02,0,Send retention offer
15575119,0.02,0,Send retention offer
15731026,0.3,0,Send retention offer
15692408,0.02,0,Send retention offer
15685243,0.18,0,Send retention offer
15815626,0.25,0,Send retention offer
15719579,0.02,0,Send retention offer
15622443,0.01,0,Send retention offer
15734365,0.01,0,Send retention offer
15665695,0.16,0,Send retention offer
15665110,0.06,0,Send retention offer
15773779,0.49,0,Send retention offer
15626141,0.06,0,Send retention offer
15773447,0.16,0,Send retention offer
15762134,0.14,0,Send retention offer
15780088,0.27,0,Send retention offer
15803479,0.08,0,Send retention offer
15717700,0.08,0,Send retention offer
15776051,0.03,0,Send retention offer
15574858,0.15,0,Send retention offer
15612139,0.1,0,Send retention offer
15632263,0.15,0,Send retention offer
15638513,0.25,0,Send retention offer
15677377,0.01,0,Send retention offer
15778157,0.11,0,Send retention offer
15631451,0.03,0,Send retention offer
15744041,0.16,0,Send retention offer
15770548,0.23,0,Send retention offer
15603378,0.05,0,Send retention offer
15642544,0.01,0,Send retention offer
15735636,0.46,0,Send retention offer
15683521,0.22,0,Send retention offer
15735522,0.12,0,Send retention offer
15635125,0.27,0,Send retention offer
15696054,0.47,0,Send retention offer
15786249,0.06,0,Send retention offer
15642655,0.35,0,Send retention offer
15756056,0.0,0,Send retention offer
15713094,0.04,0,Send retention offer
15645593,0.47,0,Send retention offer
15708003,0.22,0,Send retention offer
15748327,0.15,0,Send retention offer
15656707,0.03,0,Send retention offer
15700223,0.43,0,Send retention offer
15765952,0.1,0,Send retention offer
15764409,0.03,0,Send retention offer
15715888,0.08,0,Send retention offer
15594815,0.16,0,Send retention offer
15712199,0.41,0,Send retention offer
15801152,0.18,0,Send retention offer
15700046,0.09,0,Send retention offer
15725002,0.02,0,Send retention offer
15639576,0.06,0,Send retention offer
15717935,0.0,0,Send retention offer
15757541,0.11,0,Send retention offer
15683375,0.06,0,Send retention offer
15734714,0.22,0,Send retention offer
15579189,0.09,0,Send retention offer
15791674,0.12,0,Send retention offer
15672610,0.18,0,Send retention offer
15576313,0.41,0,Send retention offer
15691104,0.21,0,Send retention offer
15580462,0.06,0,Send retention offer
15660688,0.04,0,Send retention offer
15591552,0.04,0,Send retention offer
15647295,0.02,0,Send retention offer
15795747,0.17,0,Send retention offer
15663808,0.34,0,Send retention offer
15703264,0.33,0,Send retention offer
15626452,0.02,0,Send retention offer
15761854,0.07,0,Send retention offer
15775756,0.31,0,Send retention offer
15764922,0.48,0,Send retention offer
15572022,0.31,0,Send retention offer
15727857,0.04,0,Send retention offer
15802207,0.33,0,Send retention offer
15662574,0.26,0,Send retention offer
15734312,0.03,0,Send retention offer
15605284,0.0,0,Send retention offer
15680855,0.03,0,Send retention offer
15737977,0.01,0,Send retention offer
15731267,0.3,0,Send retention offer
15682489,0.01,0,Send retention offer
15673619,0.17,0,Send retention offer
15568849,0.35,0,Send retention offer
15654870,0.49,0,Send retention offer
15694125,0.01,0,Send retention offer
15670866,0.01,0,Send retention offer
15742229,0.25,0,Send retention offer
15720354,0.16,0,Send retention offer
15663885,0.18,0,Send retention offer
15728474,0.18,0,Send retention offer
15732643,0.42,0,Send retention offer
15578546,0.16,0,Send retention offer
15638487,0.4,0,Send retention offer
15579566,0.35,0,Send retention offer
15656901,0.07,0,Send retention offer
15758856,0.1,0,Send retention offer
15585222,0.01,0,Send retention offer
15730038,0.27,0,Send retention offer
15659325,0.0,0,Send retention offer
15659364,0.26,0,Send retention offer
15804610,0.04,0,Send retention offer
15607713,0.03,0,Send retention offer
15670496,0.02,0,Send retention offer
15665521,0.14,0,Send retention offer
15673984,0.47,0,Send retention offer
15620735,0.2,0,Send retention offer
15625740,0.17,0,Send retention offer
15751131,0.32,0,Send retention offer
15777893,0.07,0,Send retention offer
15601550,0.09,0,Send retention offer
15614420,0.09,0,Send retention offer
15762198,0.03,0,Send retention offer
15794413,0.04,0,Send retention offer
15700476,0.14,0,Send retention offer
15645517,0.02,0,Send retention offer
15584545,0.05,0,Send retention offer
15679622,0.49,0,Send retention offer
15697183,0.05,0,Send retention offer
15644699,0.12,0,Send retention offer
15799710,0.12,0,Send retention offer
15568963,0.16,0,Send retention offer
15768124,0.33,0,Send retention offer
15695846,0.08,0,Send retention offer
15694628,0.29,0,Send retention offer
15592089,0.37,0,Send retention offer
15649239,0.12,0,Send retention offer
15620268,0.44,0,Send retention offer
15658956,0.09,0,Send retention offer
15722692,0.21,0,Send retention offer
15771977,0.27,0,Send retention offer
15608845,0.27,0,Send retention offer
15654772,0.41,0,Send retention offer
15745266,0.36,0,Send retention offer
15715047,0.39,0,Send retention offer
15788775,0.21,0,Send retention offer
15677387,0.18,0,Send retention offer
15592531,0.06,0,Send retention offer
15585280,0.12,0,Send retention offer
15778526,0.28,0,Send retention offer
15729956,0.13,0,Send retention offer
15637178,0.2,0,Send retention offer
15628992,0.12,0,Send retention offer
15800845,0.03,0,Send retention offer
15736990,0.25,0,Send retention offer
15695819,0.2,0,Send retention offer
15706557,0.33,0,Send retention offer
15633612,0.03,0,Send retention offer
15573112,0.15,0,Send retention offer
15730339,0.25,0,Send retention offer
15615016,0.0,0,Send retention offer
15801915,0.11,0,Send retention offer
15568326,0.16,0,Send retention offer
15570990,0.41,0,Send retention offer
15679983,0.37,0,Send retention offer
15697310,0.37,0,Send retention offer
15603481,0.07,0,Send retention offer
15575935,0.2,0,Send retention offer
15772421,0.15,0,Send retention offer
15624013,0.34,0,Send retention offer
15726631,0.32,0,Send retention offer
15604732,0.04,0,Send retention offer
15778135,0.47,0,Send retention offer
15580068,0.02,0,Send retention offer
15794792,0.09,0,Send retention offer
15613097,0.02,0,Send retention offer
15696826,0.02,0,Send retention offer
15752912,0.04,0,Send retention offer
15740494,0.02,0,Send retention offer
15743193,0.16,0,Send retention offer
15611191,0.12,0,Send retention offer
15625713,0.15,0,Send retention offer
15684198,0.4,0,Send retention offer
15690620,0.35,0,Send retention offer
15705506,0.02,0,Send retention offer
15768104,0.45,0,Send retention offer
15592389,0.07,0,Send retention offer
15812920,0.39,0,Send retention offer
15653306,0.32,0,Send retention offer
15704795,0.05,0,Send retention offer
15684934,0.17,0,Send retention offer
15794841,0.24,0,Send retention offer
15647572,0.31,0,Send retention offer
15767488,0.0,0,Send retention offer
15742480,0.13,0,Send retention offer
15613623,0.39,0,Send retention offer
15593178,0.11,0,Send retention offer
15743532,0.44,0,Send retention offer
15812470,0.02,0,Send retention offer
15748532,0.27,0,Send retention offer
15576162,0.02,0,Send retention offer
15589805,0.12,0,Send retention offer
15762855,0.04,0,Send retention offer
15590476,0.02,0,Send retention offer
15648030,0.28,0,Send retention offer
15766683,0.43,0,Send retention offer
15764293,0.0,0,Send retention offer
15777826,0.07,0,Send retention offer
15739194,0.28,0,Send retention offer
15709653,0.0,0,Send retention offer
15761487,0.47,0,Send retention offer
15729083,0.09,0,Send retention offer
15762392,0.06,0,Send retention offer
15625881,0.14,0,Send retention offer
15735263,0.24,0,Send retention offer
15678626,0.03,0,Send retention offer
15685109,0.0,0,Send retention offer
15649112,0.1,0,Send retention offer
15654379,0.11,0,Send retention offer
15652218,0.3,0,Send retention offer
15679968,0.22,0,Send retention offer
15734005,0.07,0,Send retention offer
15668679,0.07,0,Send retention offer
15663312,0.29,0,Send retention offer
15687270,0.37,0,Send retention offer
15610930,0.49,0,Send retention offer
15696733,0.21,0,Send retention offer
15790412,0.05,0,Send retention offer
15621818,0.22,0,Send retention offer
15589437,0.13,0,Send retention offer
15690332,0.16,0,Send retention offer
15791501,0.01,0,Send retention offer
15768295,0.04,0,Send retention offer
15615140,0.11,0,Send retention offer
15694395,0.06,0,Send retention offer
15768006,0.38,0,Send retention offer
15675422,0.08,0,Send retention offer
15595067,0.03,0,Send retention offer
15738889,0.45,0,Send retention offer
15619045,0.1,0,Send retention offer
15591360,0.03,0,Send retention offer
15694805,0.09,0,Send retention offer
15567246,0.08,0,Send retention offer
15665064,0.26,0,Send retention offer
15752731,0.22,0,Send retention offer
15635097,0.03,0,Send retention offer
15813144,0.08,0,Send retention offer
15782418,0.08,0,Send retention offer
15568469,0.14,0,Send retention offer
15639322,0.03,0,Send retention offer
15626044,0.11,0,Send retention offer
15756535,0.3,0,Send retention offer
15635078,0.31,0,Send retention offer
15658693,0.03,0,Send retention offer
15750803,0.16,0,Send retention offer
15774872,0.0,0,Send retention offer
15778089,0.03,0,Send retention offer
15640917,0.0,0,Send retention offer
15763579,0.13,0,Send retention offer
15645269,0.01,0,Send retention offer
15815552,0.26,0,Send retention offer
15622518,0.09,0,Send retention offer
15758136,0.1,0,Send retention offer
15792660,0.06,0,Send retention offer
15569678,0.13,0,Send retention offer
15704315,0.11,0,Send retention offer
15592914,0.02,0,Send retention offer
15566633,0.21,0,Send retention offer
15685872,0.15,0,Send retention offer
15656937,0.49,0,Send retention offer
15741728,0.03,0,Send retention offer
15625126,0.06,0,Send retention offer
15763218,0.1,0,Send retention offer
15792365,0.32,0,Send retention offer
15610416,0.25,0,Send retention offer
15648858,0.05,0,Send retention offer
15752809,0.36,0,Send retention offer
15585580,0.31,0,Send retention offer
15661734,0.34,0,Send retention offer
15738546,0.11,0,Send retention offer
15775662,0.37,0,Send retention offer
15737080,0.05,0,Send retention offer
15714981,0.27,0,Send retention offer
15744622,0.11,0,Send retention offer
15644400,0.3,0,Send retention offer
15581968,0.03,0,Send retention offer
15776518,0.26,0,Send retention offer
15765487,0.38,0,Send retention offer
15769402,0.07,0,Send retention offer
15805955,0.4,0,Send retention offer
15638231,0.11,0,Send retention offer
15773731,0.02,0,Send retention offer
15793343,0.04,0,Send retention offer
15778752,0.05,0,Send retention offer
15762332,0.07,0,Send retention offer
15745844,0.17,0,Send retention offer
15627741,0.02,0,Send retention offer
15649129,0.01,0,Send retention offer
15682757,0.0,0,Send retention offer
15667215,0.0,0,Send retention offer
15581332,0.08,0,Send retention offer
15684171,0.44,0,Send retention offer
15797665,0.03,0,Send retention offer
15640491,0.11,0,Send retention offer
15585388,0.1,0,Send retention offer
15708162,0.25,0,Send retention offer
15734886,0.13,0,Send retention offer
15804038,0.29,0,Send retention offer
15762821,0.0,0,Send retention offer
15611599,0.03,0,Send retention offer
15707602,0.32,0,Send retention offer
15814033,0.08,0,Send retention offer
15763415,0.47,0,Send retention offer
15643392,0.05,0,Send retention offer
15782569,0.08,0,Send retention offer
15659820,0.02,0,Send retention offer
15723864,0.39,0,Send retention offer
15673837,0.3,0,Send retention offer
15763874,0.06,0,Send retention offer
15617476,0.02,0,Send retention offer
15755209,0.08,0,Send retention offer
15652658,0.12,0,Send retention offer
15757829,0.28,0,Send retention offer
15760085,0.44,0,Send retention offer
15716186,0.42,0,Send retention offer
15766746,0.29,0,Send retention offer
15809999,0.11,0,Send retention offer
15720123,0.06,0,Send retention offer
15607786,0.08,0,Send retention offer
15576077,0.18,0,Send retention offer
15667971,0.11,0,Send retention offer
15793197,0.15,0,Send retention offer
15748123,0.0,0,Send retention offer
15774536,0.03,0,Send retention offer
15793478,0.43,0,Send retention offer
15575676,0.01,0,Send retention offer
15638989,0.31,0,Send retention offer
15592379,0.28,0,Send retention offer
15715160,0.12,0,Send retention offer
15574369,0.36,0,Send retention offer
15766906,0.09,0,Send retention offer
15641122,0.02,0,Send retention offer
15627971,0.43,0,Send retention offer
15725767,0.01,0,Send retention offer
15690731,0.13,0,Send retention offer
15769781,0.0,0,Send retention offer
15724423,0.28,0,Send retention offer
15608230,0.03,0,Send retention offer
15687171,0.18,0,Send retention offer
15664204,0.01,0,Send retention offer
15656188,0.02,0,Send retention offer
15795963,0.12,0,Send retention offer
15656865,0.15,0,Send retention offer
15653110,0.42,0,Send retention offer
15681327,0.01,0,Send retention offer
15620344,0.38,0,Send retention offer
15779809,0.44,0,Send retention offer
15696812,0.01,0,Send retention offer
15613734,0.04,0,Send retention offer
15664083,0.17,0,Send retention offer
15676091,0.4,0,Send retention offer
15648702,0.23,0,Send retention offer
15780770,0.12,0,Send retention offer
15645896,0.25,0,Send retention offer
15618225,0.35,0,Send retention offer
15668958,0.06,0,Send retention offer
15616088,0.15,0,Send retention offer
15782608,0.07,0,Send retention offer
15699797,0.29,0,Send retention offer
15758372,0.02,0,Send retention offer
15658852,0.02,0,Send retention offer
15734970,0.35,0,Send retention offer
15679075,0.21,0,Send retention offer
15569247,0.27,0,Send retention offer
15807239,0.27,0,Send retention offer
15629739,0.26,0,Send retention offer
15619016,0.41,0,Send retention offer
15737605,0.42,0,Send retention offer
15697567,0.0,0,Send retention offer
15639368,0.09,0,Send retention offer
15568328,0.0,0,Send retention offer
15674573,0.06,0,Send retention offer
15678571,0.0,0,Send retention offer
15639217,0.0,0,Send retention offer
15624866,0.14,0,Send retention offer
15600792,0.05,0,Send retention offer
15781307,0.34,0,Send retention offer
15654673,0.49,0,Send retention offer
15636330,0.46,0,Send retention offer
15718454,0.23,0,Send retention offer
15737310,0.06,0,Send retention offer
15632050,0.35,0,Send retention offer
15734628,0.05,0,Send retention offer
15727556,0.31,0,Send retention offer
15704597,0.14,0,Send retention offer
15682211,0.15,0,Send retention offer
15618695,0.09,0,Send retention offer
15720338,0.44,0,Send retention offer
15716518,0.02,0,Send retention offer
15572428,0.24,0,Send retention offer
15813422,0.09,0,Send retention offer
15799435,0.26,0,Send retention offer
15778604,0.37,0,Send retention offer
15677062,0.42,0,Send retention offer
15745030,0.14,0,Send retention offer
15604314,0.48,0,Send retention offer
15790678,0.14,0,Send retention offer
15763704,0.25,0,Send retention offer
15806332,0.05,0,Send retention offer
15754649,0.08,0,Send retention offer
15690153,0.12,0,Send retention offer
15638871,0.04,0,Send retention offer
15699963,0.15,0,Send retention offer
15605791,0.15,0,Send retention offer
15732113,0.42,0,Send retention offer
15780572,0.0,0,Send retention offer
15662488,0.17,0,Send retention offer
15711750,0.03,0,Send retention offer
15677052,0.18,0,Send retention offer
15621267,0.48,0,Send retention offer
15775153,0.12,0,Send retention offer
15643158,0.43,0,Send retention offer
15647266,0.37,0,Send retention offer
15682528,0.19,0,Send retention offer
15697283,0.03,0,Send retention offer
15754267,0.25,0,Send retention offer
15578788,0.01,0,Send retention offer
15794868,0.14,0,Send retention offer
15720508,0.08,0,Send retention offer
15642099,0.03,0,Send retention offer
15693543,0.09,0,Send retention offer
15621021,0.16,0,Send retention offer
15599078,0.34,0,Send retention offer
15571973,0.4,0,Send retention offer
15616525,0.18,0,Send retention offer
15778005,0.29,0,Send retention offer
15793813,0.04,0,Send retention offer
15692430,0.12,0,Send retention offer
15794297,0.0,0,Send retention offer
15706899,0.03,0,Send retention offer
15805627,0.01,0,Send retention offer
15677184,0.02,0,Send retention offer
15574743,0.48,0,Send retention offer
15566295,0.06,0,Send retention offer
15720110,0.06,0,Send retention offer
15786392,0.19,0,Send retention offer
15615029,0.14,0,Send retention offer
15659092,0.18,0,Send retention offer
15688085,0.15,0,Send retention offer
15615032,0.0,0,Send retention offer
15799815,0.07,0,Send retention offer
15596175,0.23,0,Send retention offer
15595917,0.2,0,Send retention offer
15581479,0.07,0,Send retention offer
15715796,0.02,0,Send retention offer
15607040,0.23,0,Send retention offer
15765297,0.15,0,Send retention offer
15690678,0.26,0,Send retention offer
15619436,0.22,0,Send retention offer
15800366,0.15,0,Send retention offer
15767231,0.24,0,Send retention offer
15759284,0.1,0,Send retention offer
15745001,0.01,0,Send retention offer
15631838,0.22,0,Send retention offer
15568238,0.0,0,Send retention offer
15776211,0.04,0,Send retention offer
15637979,0.25,0,Send retention offer
15607178,0.11,0,Send retention offer
15638159,0.21,0,Send retention offer
15596800,0.17,0,Send retention offer
15775082,0.2,0,Send retention offer
15668886,0.13,0,Send retention offer
15643378,0.13,0,Send retention offer
15648735,0.07,0,Send retention offer
15645136,0.28,0,Send retention offer
15719348,0.43,0,Send retention offer
15681887,0.2,0,Send retention offer
15633419,0.13,0,Send retention offer
15811290,0.38,0,Send retention offer
15710053,0.4,0,Send retention offer
15720745,0.09,0,Send retention offer
15653620,0.06,0,Send retention offer
15616168,0.06,0,Send retention offer
15795895,0.18,0,Send retention offer
15802220,0.27,0,Send retention offer
15711181,0.23,0,Send retention offer
15576304,0.04,0,Send retention offer
15737169,0.15,0,Send retention offer
15731148,0.04,0,Send retention offer
15592707,0.3,0,Send retention offer
15741865,0.36,0,Send retention offer
15662091,0.08,0,Send retention offer
15794874,0.09,0,Send retention offer
15766047,0.22,0,Send retention offer
15638751,0.12,0,Send retention offer
15752588,0.0,0,Send retention offer
15630241,0.44,0,Send retention offer
15717290,0.23,0,Send retention offer
15789379,0.16,0,Send retention offer
15753549,0.09,0,Send retention offer
15653715,0.04,0,Send retention offer
15732437,0.34,0,Send retention offer
15729412,0.18,0,Send retention offer
15629078,0.3,0,Send retention offer
15808851,0.41,0,Send retention offer
15775108,0.09,0,Send retention offer
15609637,0.13,0,Send retention offer
15609558,0.41,0,Send retention offer
15726354,0.15,0,Send retention offer
15701333,0.41,0,Send retention offer
15626898,0.15,0,Send retention offer
15671387,0.13,0,Send retention offer
15632143,0.04,0,Send retention offer
15702293,0.02,0,Send retention offer
15583033,0.03,0,Send retention offer
15657228,0.07,0,Send retention offer
15668309,0.44,0,Send retention offer
15621083,0.29,0,Send retention offer
15781574,0.09,0,Send retention offer
15746726,0.23,0,Send retention offer
15740846,0.21,0,Send retention offer
15804211,0.12,0,Send retention offer
15657085,0.08,0,Send retention offer
15699047,0.05,0,Send retention offer
15775562,0.0,0,Send retention offer
15788483,0.46,0,Send retention offer
15772216,0.24,0,Send retention offer
15603743,0.08,0,Send retention offer
15632899,0.19,0,Send retention offer
15619529,0.23,0,Send retention offer
15707011,0.44,0,Send retention offer
15586914,0.1,0,Send retention offer
15578006,0.11,0,Send retention offer
15683930,0.11,0,Send retention offer
15576044,0.08,0,Send retention offer
15574886,0.01,0,Send retention offer
15797227,0.02,0,Send retention offer
15809906,0.06,0,Send retention offer
15699619,0.25,0,Send retention offer
15757661,0.09,0,Send retention offer
15743714,0.42,0,Send retention offer
15653696,0.03,0,Send retention offer
15659355,0.04,0,Send retention offer
15685500,0.07,0,Send retention offer
15757628,0.08,0,Send retention offer
15583668,0.29,0,Send retention offer
15607753,0.34,0,Send retention offer
15741417,0.13,0,Send retention offer
15679818,0.27,0,Send retention offer
15764335,0.21,0,Send retention offer
15804919,0.16,0,Send retention offer
15810775,0.4,0,Send retention offer
15571261,0.25,0,Send retention offer
15634896,0.07,0,Send retention offer
15742681,0.15,0,Send retention offer
15665861,0.33,0,Send retention offer
15727361,0.17,0,Send retention offer
15632609,0.43,0,Send retention offer
15684722,0.13,0,Send retention offer
15800228,0.08,0,Send retention offer
15724099,0.09,0,Send retention offer
15736271,0.39,0,Send retention offer
15767626,0.14,0,Send retention offer
15743760,0.05,0,Send retention offer
15734999,0.21,0,Send retention offer
15794276,0.37,0,Send retention offer
15637876,0.22,0,Send retention offer
15711521,0.19,0,Send retention offer
15640409,0.48,0,Send retention offer
15809347,0.45,0,Send retention offer
15790846,0.25,0,Send retention offer
15579892,0.05,0,Send retention offer
15596011,0.16,0,Send retention offer
15788930,0.25,0,Send retention offer
15650244,0.12,0,Send retention offer
15814940,0.08,0,Send retention offer
15812750,0.03,0,Send retention offer
15716800,0.01,0,Send retention offer
15774510,0.07,0,Send retention offer
15660211,0.0,0,Send retention offer
15612627,0.12,0,Send retention offer
15567893,0.18,0,Send retention offer
15702806,0.18,0,Send retention offer
15710316,0.28,0,Send retention offer
15659949,0.07,0,Send retention offer
15776096,0.28,0,Send retention offer
15801256,0.03,0,Send retention offer
15769522,0.26,0,Send retention offer
15652289,0.1,0,Send retention offer
15662403,0.21,0,Send retention offer
15781987,0.03,0,Send retention offer
15727311,0.06,0,Send retention offer
15698749,0.49,0,Send retention offer
15750602,0.29,0,Send retention offer
15757632,0.35,0,Send retention offer
15792107,0.09,0,Send retention offer
15709737,0.11,0,Send retention offer
15701074,0.24,0,Send retention offer
15788539,0.16,0,Send retention offer
15635776,0.33,0,Send retention offer
15636572,0.02,0,Send retention offer
15810660,0.16,0,Send retention offer
15703482,0.09,0,Send retention offer
15774402,0.45,0,Send retention offer
15762331,0.22,0,Send retention offer
15644878,0.39,0,Send retention offer
15690796,0.42,0,Send retention offer
15755138,0.0,0,Send retention offer
15792916,0.11,0,Send retention offer
15654222,0.06,0,Send retention offer
15723320,0.13,0,Send retention offer
15761886,0.1,0,Send retention offer
15779207,0.1,0,Send retention offer
15784286,0.15,0,Send retention offer
15685309,0.14,0,Send retention offer
15726167,0.0,0,Send retention offer
15611729,0.43,0,Send retention offer
15627801,0.26,0,Send retention offer
15636478,0.02,0,Send retention offer
15716023,0.02,0,Send retention offer
15723153,0.0,0,Send retention offer
15654296,0.32,0,Send retention offer
15776939,0.49,0,Send retention offer
15705620,0.07,0,Send retention offer
15572735,0.01,0,Send retention offer
15611058,0.36,0,Send retention offer
15572093,0.14,0,Send retention offer
15629575,0.17,0,Send retention offer
15569451,0.0,0,Send retention offer
15623357,0.26,0,Send retention offer
15733872,0.11,0,Send retention offer
15624424,0.07,0,Send retention offer
15737521,0.16,0,Send retention offer
15686913,0.21,0,Send retention offer
15798850,0.02,0,Send retention offer
15721835,0.19,0,Send retention offer
15730441,0.07,0,Send retention offer
15751912,0.0,0,Send retention offer
15764226,0.49,0,Send retention offer
15687218,0.08,0,Send retention offer
15716347,0.15,0,Send retention offer
15683544,0.36,0,Send retention offer
15658675,0.42,0,Send retention offer
15628558,0.33,0,Send retention offer
15770539,0.01,0,Send retention offer
15627251,0.16,0,Send retention offer
15778481,0.21,0,Send retention offer
15700696,0.1,0,Send retention offer
15572390,0.03,0,Send retention offer
15588535,0.05,0,Send retention offer
15679743,0.1,0,Send retention offer
15723217,0.45,0,Send retention offer
15702789,0.15,0,Send retention offer
15731890,0.25,0,Send retention offer
15778884,0.11,0,Send retention offer
15585865,0.37,0,Send retention offer
15788367,0.33,0,Send retention offer
15763895,0.33,0,Send retention offer
15569572,0.06,0,Send retention offer
15685245,0.25,0,Send retention offer
15600879,0.1,0,Send retention offer
15599403,0.3,0,Send retention offer
15726358,0.0,0,Send retention offer
15630413,0.05,0,Send retention offer
15628059,0.24,0,Send retention offer
15664737,0.0,0,Send retention offer
15746594,0.43,0,Send retention offer
15572792,0.04,0,Send retention offer
15640161,0.38,0,Send retention offer
15800412,0.08,0,Send retention offer
15607509,0.0,0,Send retention offer
15788025,0.28,0,Send retention offer
15594041,0.42,0,Send retention offer
15695475,0.02,0,Send retention offer
15781702,0.13,0,Send retention offer
15574213,0.39,0,Send retention offer
15791326,0.29,0,Send retention offer
15685536,0.03,0,Send retention offer
15750049,0.27,0,Send retention offer
15786200,0.0,0,Send retention offer
15704657,0.21,0,Send retention offer
15645029,0.05,0,Send retention offer
15597945,0.07,0,Send retention offer
15583394,0.07,0,Send retention offer
15584114,0.15,0,Send retention offer
15627365,0.09,0,Send retention offer
15571281,0.09,0,Send retention offer
15714680,0.05,0,Send retention offer
15672467,0.37,0,Send retention offer
15673907,0.0,0,Send retention offer
15689201,0.47,0,Send retention offer
15757897,0.13,0,Send retention offer
15635531,0.0,0,Send retention offer
15646490,0.24,0,Send retention offer
15589019,0.24,0,Send retention offer
15599211,0.01,0,Send retention offer
15680001,0.25,0,Send retention offer
15641595,0.22,0,Send retention offer
15631813,0.0,0,Send retention offer
15566563,0.11,0,Send retention offer
15598892,0.09,0,Send retention offer
15708357,0.39,0,Send retention offer
15653572,0.18,0,Send retention offer
15619116,0.06,0,Send retention offer
15710012,0.13,0,Send retention offer
15752186,0.01,0,Send retention offer
15661349,0.0,0,Send retention offer
15652999,0.17,0,Send retention offer
15602909,0.17,0,Send retention offer
15622911,0.34,0,Send retention offer
15570134,0.14,0,Send retention offer
15797822,0.05,0,Send retention offer
15757568,0.37,0,Send retention offer
15743075,0.01,0,Send retention offer
15728564,0.01,0,Send retention offer
15623502,0.43,0,Send retention offer
15730137,0.05,0,Send retention offer
15648069,0.05,0,Send retention offer
15775750,0.19,0,Send retention offer
15809838,0.09,0,Send retention offer
15621075,0.31,0,Send retention offer
15742607,0.41,0,Send retention offer
15574947,0.05,0,Send retention offer
15575619,0.05,0,Send retention offer
15650545,0.04,0,Send retention offer
15765461,0.04,0,Send retention offer
15598802,0.0,0,Send retention offer
15815615,0.21,0,Send retention offer
15584785,0.14,0,Send retention offer
15594915,0.04,0,Send retention offer
15688059,0.22,0,Send retention offer
15569503,0.05,0,Send retention offer
15802390,0.03,0,Send retention offer
15807961,0.24,0,Send retention offer
15653315,0.06,0,Send retention offer
15667458,0.47,0,Send retention offer
15693382,0.29,0,Send retention offer
15682355,0.16,0,Send retention offer
15620103,0.29,0,Send retention offer
15578878,0.1,0,Send retention offer
15603170,0.05,0,Send retention offer
15776494,0.23,0,Send retention offer
15767921,0.03,0,Send retention offer
15702337,0.01,0,Send retention offer
15728333,0.41,0,Send retention offer
15793247,0.01,0,Send retention offer
15675585,0.2,0,Send retention offer
15795933,0.08,0,Send retention offer
15802869,0.43,0,Send retention offer
15672016,0.0,0,Send retention offer
15767594,0.04,0,Send retention offer
15579583,0.11,0,Send retention offer
15798084,0.05,0,Send retention offer
15771059,0.21,0,Send retention offer
15659366,0.07,0,Send retention offer
15621685,0.03,0,Send retention offer
15631359,0.36,0,Send retention offer
15777614,0.11,0,Send retention offer
15618203,0.39,0,Send retention offer
15813034,0.32,0,Send retention offer
15574795,0.29,0,Send retention offer
15766166,0.37,0,Send retention offer
15787825,0.18,0,Send retention offer
15646817,0.49,0,Send retention offer
15610753,0.01,0,Send retention offer
15594576,0.19,0,Send retention offer
15795640,0.06,0,Send retention offer
15615004,0.01,0,Send retention offer
15743673,0.06,0,Send retention offer
15690164,0.31,0,Send retention offer
15660535,0.05,0,Send retention offer
15608114,0.19,0,Send retention offer
15662232,0.38,0,Send retention offer
15634936,0.46,0,Send retention offer
15654074,0.09,0,Send retention offer
15586300,0.01,0,Send retention offer
15706463,0.35,0,Send retention offer
15617934,0.1,0,Send retention offer
15635256,0.02,0,Send retention offer
15733111,0.06,0,Send retention offer
15630913,0.29,0,Send retention offer
15582246,0.17,0,Send retention offer
15592570,0.03,0,Send retention offer
15633546,0.21,0,Send retention offer
15695225,0.04,0,Send retention offer
15573730,0.32,0,Send retention offer
15743976,0.28,0,Send retention offer
15666181,0.06,0,Send retention offer
15641110,0.2,0,Send retention offer
15782100,0.18,0,Send retention offer
15777436,0.04,0,Send retention offer
15744398,0.03,0,Send retention offer
15572174,0.08,0,Send retention offer
15803976,0.05,0,Send retention offer
15671172,0.05,0,Send retention offer
15732265,0.0,0,Send retention offer
15677317,0.12,0,Send retention offer
15757385,0.22,0,Send retention offer
15716236,0.03,0,Send retention offer
15606755,0.1,0,Send retention offer
15803378,0.01,0,Send retention offer
15757865,0.01,0,Send retention offer
15667632,0.08,0,Send retention offer
15731760,0.16,0,Send retention offer
15578761,0.38,0,Send retention offer
15768201,0.16,0,Send retention offer
15637690,0.34,0,Send retention offer
15699507,0.0,0,Send retention offer
15591985,0.49,0,Send retention offer
15771580,0.12,0,Send retention offer
15802625,0.45,0,Send retention offer
15800805,0.08,0,Send retention offer
15584580,0.19,0,Send retention offer
15736420,0.1,0,Send retention offer
15719779,0.06,0,Send retention offer
15792222,0.38,0,Send retention offer
15767894,0.0,0,Send retention offer
15613140,0.36,0,Send retention offer
15755863,0.18,0,Send retention offer
15590349,0.17,0,Send retention offer
15756975,0.06,0,Send retention offer
15592104,0.43,0,Send retention offer
15689152,0.25,0,Send retention offer
15712319,0.33,0,Send retention offer
15692002,0.13,0,Send retention offer
15789941,0.29,0,Send retention offer
15582762,0.24,0,Send retention offer
15632345,0.02,0,Send retention offer
15720083,0.05,0,Send retention offer
15739858,0.46,0,Send retention offer
15697034,0.04,0,Send retention offer
15735400,0.32,0,Send retention offer
15726310,0.01,0,Send retention offer
15677783,0.22,0,Send retention offer
15751628,0.27,0,Send retention offer
15658360,0.15,0,Send retention offer
15810454,0.03,0,Send retention offer
15609254,0.39,0,Send retention offer
15794414,0.34,0,Send retention offer
15716041,0.03,0,Send retention offer
15589660,0.19,0,Send retention offer
15773260,0.1,0,Send retention offer
15603323,0.02,0,Send retention offer
15581620,0.4,0,Send retention offer
15758510,0.08,0,Send retention offer
15724834,0.0,0,Send retention offer
15586880,0.2,0,Send retention offer
15720687,0.4,0,Send retention offer
15792180,0.1,0,Send retention offer
15720529,0.01,0,Send retention offer
15704483,0.04,0,Send retention offer
15572361,0.13,0,Send retention offer
15796071,0.09,0,Send retention offer
15736302,0.03,0,Send retention offer
15752838,0.01,0,Send retention offer
15596624,0.02,0,Send retention offer
15646942,0.01,0,Send retention offer
15728006,0.33,0,Send retention offer
15677369,0.26,0,Send retention offer
15576263,0.36,0,Send retention offer
15668323,0.2,0,Send retention offer
15781665,0.4,0,Send retention offer
15701164,0.1,0,Send retention offer
15798824,0.18,0,Send retention offer
15782875,0.23,0,Send retention offer
15737385,0.23,0,Send retention offer
15711834,0.27,0,Send retention offer
15812720,0.32,0,Send retention offer
15656717,0.0,0,Send retention offer
15637366,0.02,0,Send retention offer
15627517,0.13,0,Send retention offer
15780628,0.0,0,Send retention offer
15589323,0.03,0,Send retention offer
15750929,0.02,0,Send retention offer
15744240,0.41,0,Send retention offer
15645184,0.01,0,Send retention offer
15715769,0.13,0,Send retention offer
15633586,0.12,0,Send retention offer
15602844,0.3,0,Send retention offer
15790497,0.02,0,Send retention offer
15753161,0.08,0,Send retention offer
15657386,0.44,0,Send retention offer
15684469,0.42,0,Send retention offer
15753874,0.06,0,Send retention offer
15607275,0.29,0,Send retention offer
15751392,0.47,0,Send retention offer
15782364,0.26,0,Send retention offer
15768219,0.07,0,Send retention offer
15574115,0.18,0,Send retention offer
15716324,0.28,0,Send retention offer
15587913,0.05,0,Send retention offer
15730579,0.11,0,Send retention offer
15624993,0.2,0,Send retention offer
15598493,0.05,0,Send retention offer
15726313,0.17,0,Send retention offer
15748797,0.36,0,Send retention offer
15723299,0.34,0,Send retention offer
15570271,0.29,0,Send retention offer
15634949,0.07,0,Send retention offer
15718852,0.34,0,Send retention offer
15752097,0.19,0,Send retention offer
15599126,0.47,0,Send retention offer
15714380,0.01,0,Send retention offer
15811958,0.2,0,Send retention offer
15623062,0.07,0,Send retention offer
15712483,0.01,0,Send retention offer
15605804,0.11,0,Send retention offer
15571193,0.47,0,Send retention offer
15629187,0.18,0,Send retention offer
15736778,0.27,0,Send retention offer
15601045,0.38,0,Send retention offer
15609928,0.3,0,Send retention offer
15648032,0.04,0,Send retention offer
15705707,0.19,0,Send retention offer
15646374,0.1,0,Send retention offer
15715715,0.01,0,Send retention offer
15623450,0.44,0,Send retention offer
15808760,0.2,0,Send retention offer
15710375,0.01,0,Send retention offer
15716781,0.13,0,Send retention offer
15786739,0.08,0,Send retention offer
15703763,0.28,0,Send retention offer
15616666,0.48,0,Send retention offer
15774328,0.11,0,Send retention offer
15628767,0.43,0,Send retention offer
15613048,0.45,0,Send retention offer
15732610,0.03,0,Send retention offer
15631756,0.21,0,Send retention offer
15756333,0.19,0,Send retention offer
15765982,0.2,0,Send retention offer
15748995,0.01,0,Send retention offer
15782121,0.09,0,Send retention offer
15582149,0.09,0,Send retention offer
15609545,0.18,0,Send retention offer
15787597,0.12,0,Send retention offer
15750056,0.14,0,Send retention offer
15675675,0.15,0,Send retention offer
15574584,0.1,0,Send retention offer
15745201,0.31,0,Send retention offer
15722004,0.42,0,Send retention offer
15678058,0.13,0,Send retention offer
15794472,0.04,0,Send retention offer
15629787,0.11,0,Send retention offer
15627190,0.36,0,Send retention offer
15570004,0.01,0,Send retention offer
15717328,0.1,0,Send retention offer
15701281,0.01,0,Send retention offer
15749807,0.0,0,Send retention offer
15601263,0.32,0,Send retention offer
15589348,0.07,0,Send retention offer
15619238,0.03,0,Send retention offer
15633274,0.28,0,Send retention offer
15601026,0.16,0,Send retention offer
15795571,0.13,0,Send retention offer
15575060,0.04,0,Send retention offer
15617518,0.28,0,Send retention offer
15570908,0.04,0,Send retention offer
15739438,0.02,0,Send retention offer
15632850,0.0,0,Send retention offer
15600258,0.04,0,Send retention offer
15624695,0.32,0,Send retention offer
15641662,0.13,0,Send retention offer
15804950,0.1,0,Send retention offer
15779738,0.14,0,Send retention offer
15723263,0.3,0,Send retention offer
15660263,0.07,0,Send retention offer
15627859,0.23,0,Send retention offer
15813681,0.03,0,Send retention offer
15792668,0.28,0,Send retention offer
15748552,0.18,0,Send retention offer
15620836,0.27,0,Send retention offer
15656484,0.0,0,Send retention offer
15738634,0.47,0,Send retention offer
15578809,0.17,0,Send retention offer
15675337,0.42,0,Send retention offer
15733476,0.08,0,Send retention offer
15669342,0.16,0,Send retention offer
15773512,0.35,0,Send retention offer
15793366,0.06,0,Send retention offer
15683841,0.08,0,Send retention offer
15793901,0.0,0,Send retention offer
15682273,0.3,0,Send retention offer
15580560,0.3,0,Send retention offer
15626233,0.08,0,Send retention offer
15567897,0.2,0,Send retention offer
15690231,0.38,0,Send retention offer
15655274,0.0,0,Send retention offer
15681758,0.03,0,Send retention offer
15804822,0.03,0,Send retention offer
15714493,0.01,0,Send retention offer
15570051,0.1,0,Send retention offer
15605926,0.16,0,Send retention offer
15727915,0.21,0,Send retention offer
15730759,0.15,0,Send retention offer
15810075,0.19,0,Send retention offer
15667216,0.09,0,Send retention offer
15694039,0.34,0,Send retention offer
15761477,0.1,0,Send retention offer
15687738,0.07,0,Send retention offer
15733119,0.0,0,Send retention offer
15738411,0.07,0,Send retention offer
15690188,0.26,0,Send retention offer
15651020,0.1,0,Send retention offer
15640627,0.01,0,Send retention offer
15647965,0.17,0,Send retention offer
15711977,0.32,0,Send retention offer
15668081,0.14,0,Send retention offer
15762238,0.21,0,Send retention offer
15579548,0.02,0,Send retention offer
15785920,0.08,0,Send retention offer
15654531,0.09,0,Send retention offer
15792329,0.12,0,Send retention offer
15644132,0.21,0,Send retention offer
15587562,0.21,0,Send retention offer
15598046,0.19,0,Send retention offer
15718588,0.04,0,Send retention offer
15753362,0.03,0,Send retention offer
15679642,0.02,0,Send retention offer
15636388,0.48,0,Send retention offer
15722758,0.06,0,Send retention offer
15765902,0.1,0,Send retention offer
15682533,0.39,0,Send retention offer
15778463,0.48,0,Send retention offer
15733297,0.32,0,Send retention offer
15675141,0.26,0,Send retention offer
15697844,0.18,0,Send retention offer
15627412,0.06,0,Send retention offer
15799479,0.22,0,Send retention offer
15781495,0.1,0,Send retention offer
15730273,0.48,0,Send retention offer
15777904,0.11,0,Send retention offer
15696047,0.06,0,Send retention offer
15654292,0.22,0,Send retention offer
15703117,0.12,0,Send retention offer
15782231,0.01,0,Send retention offer
15623566,0.19,0,Send retention offer
15674433,0.46,0,Send retention offer
15809143,0.31,0,Send retention offer
15584320,0.33,0,Send retention offer
15684440,0.09,0,Send retention offer
15784180,0.23,0,Send retention offer
15576126,0.17,0,Send retention offer
15692235,0.04,0,Send retention offer
15801395,0.13,0,Send retention offer
15747534,0.32,0,Send retention offer
15789714,0.05,0,Send retention offer
15732774,0.08,0,Send retention offer
15722813,0.39,0,Send retention offer
15669060,0.29,0,Send retention offer
15677112,0.16,0,Send retention offer
15783541,0.01,0,Send retention offer
15627377,0.0,0,Send retention offer
15768455,0.06,0,Send retention offer
15767891,0.06,0,Send retention offer
15594408,0.49,0,Send retention offer
15807457,0.12,0,Send retention offer
15673908,0.43,0,Send retention offer
15736578,0.25,0,Send retention offer
15721507,0.04,0,Send retention offer
15794849,0.17,0,Send retention offer
15712303,0.13,0,Send retention offer
15581840,0.0,0,Send retention offer
15689176,0.04,0,Send retention offer
15643794,0.28,0,Send retention offer
15639662,0.09,0,Send retention offer
15632665,0.46,0,Send retention offer
15791767,0.0,0,Send retention offer
15758039,0.11,0,Send retention offer
15679587,0.12,0,Send retention offer
15674000,0.08,0,Send retention offer
15778320,0.44,0,Send retention offer
15724691,0.07,0,Send retention offer
15807473,0.03,0,Send retention offer
15722322,0.05,0,Send retention offer
15690670,0.01,0,Send retention offer
15771509,0.3,0,Send retention offer
15701946,0.07,0,Send retention offer
15599660,0.04,0,Send retention offer
15591150,0.01,0,Send retention offer
15641009,0.05,0,Send retention offer
15808780,0.04,0,Send retention offer
15692132,0.08,0,Send retention offer
15636736,0.25,0,Send retention offer
15764405,0.04,0,Send retention offer
15732299,0.48,0,Send retention offer
15798888,0.45,0,Send retention offer
15603454,0.15,0,Send retention offer
15735549,0.05,0,Send retention offer
15613180,0.11,0,Send retention offer
15771087,0.19,0,Send retention offer
15674833,0.02,0,Send retention offer
15810167,0.27,0,Send retention offer
15675320,0.24,0,Send retention offer
15748882,0.0,0,Send retention offer
15619537,0.04,0,Send retention offer
15747762,0.08,0,Send retention offer
15705899,0.09,0,Send retention offer
15699430,0.13,0,Send retention offer
15587394,0.24,0,Send retention offer
15729454,0.22,0,Send retention offer
15723481,0.04,0,Send retention offer
15691483,0.03,0,Send retention offer
15718245,0.0,0,Send retention offer
15661656,0.07,0,Send retention offer
15790683,0.08,0,Send retention offer
15588928,0.01,0,Send retention offer
15606849,0.0,0,Send retention offer
15693322,0.29,0,Send retention offer
15607176,0.21,0,Send retention offer
15675854,0.31,0,Send retention offer
15657779,0.01,0,Send retention offer
15621815,0.48,0,Send retention offer
15668009,0.08,0,Send retention offer
15707110,0.04,0,Send retention offer
15747649,0.13,0,Send retention offer
15700965,0.05,0,Send retention offer
15748595,0.03,0,Send retention offer
15633064,0.08,0,Send retention offer
15581626,0.47,0,Send retention offer
15725039,0.11,0,Send retention offer
15685357,0.05,0,Send retention offer
15805463,0.08,0,Send retention offer
15749540,0.05,0,Send retention offer
15807340,0.11,0,Send retention offer
15801062,0.06,0,Send retention offer
15572801,0.05,0,Send retention offer
15600708,0.16,0,Send retention offer
15703544,0.22,0,Send retention offer
15704081,0.03,0,Send retention offer
15801788,0.17,0,Send retention offer
15628008,0.12,0,Send retention offer
15584338,0.12,0,Send retention offer
15732020,0.27,0,Send retention offer
15625819,0.41,0,Send retention offer
15601387,0.0,0,Send retention offer
15761525,0.1,0,Send retention offer
15766649,0.16,0,Send retention offer
15591179,0.01,0,Send retention offer
15813590,0.02,0,Send retention offer
15578375,0.0,0,Send retention offer
15734948,0.02,0,Send retention offer
15747014,0.02,0,Send retention offer
15753591,0.05,0,Send retention offer
15797905,0.15,0,Send retention offer
15596984,0.22,0,Send retention offer
15725221,0.28,0,Send retention offer
15566594,0.04,0,Send retention offer
15719649,0.2,0,Send retention offer
15631339,0.35,0,Send retention offer
15691792,0.44,0,Send retention offer
15617603,0.04,0,Send retention offer
15811589,0.09,0,Send retention offer
15793803,0.03,0,Send retention offer
15590094,0.31,0,Send retention offer
